m,TagName,
7/1/08,c#,3
8/1/08,assembly,8
8/1/08,javascript,162
8/1/08,c,85
8/1/08,python,124
8/1/08,perl,28
8/1/08,c#,511
8/1/08,c++,164
8/1/08,java,222
8/1/08,delphi,14
8/1/08,ruby,73
8/1/08,php,161
9/1/08,c,321
9/1/08,delphi,105
9/1/08,assembly,28
9/1/08,javascript,640
9/1/08,java,1137
9/1/08,c#,1649
9/1/08,perl,131
9/1/08,python,542
9/1/08,r,6
9/1/08,c++,755
9/1/08,php,482
9/1/08,ruby,290
10/1/08,delphi,112
10/1/08,java,1153
10/1/08,assembly,15
10/1/08,c#,1989
10/1/08,perl,127
10/1/08,c,303
10/1/08,php,617
10/1/08,python,510
10/1/08,javascript,725
10/1/08,c++,811
10/1/08,ruby,249
11/1/08,assembly,17
11/1/08,c#,1730
11/1/08,python,452
11/1/08,c,259
11/1/08,java,958
11/1/08,delphi,141
11/1/08,c++,735
11/1/08,javascript,579
11/1/08,perl,97
11/1/08,php,504
11/1/08,ruby,160
11/1/08,r,1
12/1/08,javascript,627
12/1/08,assembly,18
12/1/08,c,186
12/1/08,c#,1597
12/1/08,java,832
12/1/08,php,481
12/1/08,c++,633
12/1/08,delphi,134
12/1/08,r,1
12/1/08,python,441
12/1/08,perl,134
12/1/08,ruby,161
1/1/09,delphi,164
1/1/09,r,8
1/1/09,php,636
1/1/09,java,1150
1/1/09,c#,2378
1/1/09,assembly,22
1/1/09,c++,853
1/1/09,c,321
1/1/09,ruby,209
1/1/09,perl,147
1/1/09,swift,1
1/1/09,javascript,792
1/1/09,python,631
2/1/09,javascript,948
2/1/09,perl,165
2/1/09,python,630
2/1/09,c,332
2/1/09,c#,2599
2/1/09,assembly,37
2/1/09,java,1208
2/1/09,c++,845
2/1/09,r,9
2/1/09,ruby,287
2/1/09,delphi,168
2/1/09,swift,1
2/1/09,php,769
3/1/09,assembly,24
3/1/09,javascript,1005
3/1/09,c#,3162
3/1/09,c,430
3/1/09,java,1440
3/1/09,php,904
3/1/09,c++,1056
3/1/09,r,4
3/1/09,perl,139
3/1/09,delphi,162
3/1/09,ruby,330
3/1/09,python,765
3/1/09,swift,1
4/1/09,assembly,49
4/1/09,javascript,1050
4/1/09,python,768
4/1/09,java,1534
4/1/09,delphi,185
4/1/09,c++,1020
4/1/09,c#,3320
4/1/09,c,458
4/1/09,php,968
4/1/09,perl,161
4/1/09,ruby,358
4/1/09,r,12
5/1/09,javascript,1434
5/1/09,assembly,47
5/1/09,delphi,202
5/1/09,c,481
5/1/09,c#,3560
5/1/09,python,999
5/1/09,ruby,402
5/1/09,java,1819
5/1/09,c++,1218
5/1/09,perl,197
5/1/09,php,1183
5/1/09,r,2
5/1/09,swift,2
6/1/09,c,505
6/1/09,java,2115
6/1/09,assembly,49
6/1/09,delphi,222
6/1/09,c++,1253
6/1/09,javascript,1557
6/1/09,perl,247
6/1/09,c#,3885
6/1/09,r,5
6/1/09,php,1580
6/1/09,ruby,433
6/1/09,python,1045
6/1/09,swift,1
7/1/09,c#,4411
7/1/09,assembly,32
7/1/09,c++,1468
7/1/09,python,1162
7/1/09,java,2263
7/1/09,perl,259
7/1/09,c,542
7/1/09,delphi,269
7/1/09,javascript,1750
7/1/09,r,51
7/1/09,ruby,500
7/1/09,php,2035
8/1/09,assembly,48
8/1/09,c,530
8/1/09,delphi,246
8/1/09,javascript,1858
8/1/09,perl,252
8/1/09,java,2193
8/1/09,php,2186
8/1/09,c#,4460
8/1/09,r,47
8/1/09,python,1139
8/1/09,c++,1401
8/1/09,ruby,485
8/1/09,swift,2
9/1/09,java,2264
9/1/09,javascript,1755
9/1/09,c#,4356
9/1/09,c,573
9/1/09,assembly,62
9/1/09,php,2268
9/1/09,c++,1465
9/1/09,perl,250
9/1/09,python,1166
9/1/09,delphi,252
9/1/09,ruby,477
9/1/09,r,138
9/1/09,swift,2
10/1/09,assembly,74
10/1/09,delphi,255
10/1/09,javascript,2044
10/1/09,c++,1689
10/1/09,java,2505
10/1/09,c#,4724
10/1/09,c,775
10/1/09,python,1421
10/1/09,perl,282
10/1/09,php,2364
10/1/09,r,73
10/1/09,ruby,493
10/1/09,swift,1
11/1/09,delphi,274
11/1/09,python,1559
11/1/09,c#,4682
11/1/09,c,967
11/1/09,javascript,2227
11/1/09,assembly,82
11/1/09,c++,1758
11/1/09,go,66
11/1/09,ruby,654
11/1/09,perl,323
11/1/09,php,2690
11/1/09,java,2763
11/1/09,swift,2
11/1/09,r,94
12/1/09,delphi,282
12/1/09,php,2830
12/1/09,assembly,62
12/1/09,java,2690
12/1/09,python,1589
12/1/09,c#,4491
12/1/09,perl,262
12/1/09,c,851
12/1/09,r,80
12/1/09,go,11
12/1/09,javascript,2302
12/1/09,ruby,573
12/1/09,c++,1658
12/1/09,swift,1
1/1/10,javascript,2620
1/1/10,assembly,101
1/1/10,c++,2001
1/1/10,python,1949
1/1/10,c#,5116
1/1/10,go,15
1/1/10,c,982
1/1/10,delphi,303
1/1/10,java,3728
1/1/10,perl,302
1/1/10,ruby,686
1/1/10,php,3439
1/1/10,r,94
2/1/10,assembly,69
2/1/10,c,1036
2/1/10,delphi,283
2/1/10,c#,5105
2/1/10,perl,348
2/1/10,java,3582
2/1/10,go,7
2/1/10,javascript,2640
2/1/10,php,3170
2/1/10,r,122
2/1/10,c++,2277
2/1/10,python,1866
2/1/10,swift,2
2/1/10,ruby,688
3/1/10,assembly,122
3/1/10,javascript,2986
3/1/10,go,8
3/1/10,python,2072
3/1/10,delphi,318
3/1/10,c++,2440
3/1/10,c,1118
3/1/10,c#,6039
3/1/10,java,4448
3/1/10,php,3757
3/1/10,perl,392
3/1/10,ruby,696
3/1/10,r,139
4/1/10,javascript,3003
4/1/10,c,1186
4/1/10,delphi,271
4/1/10,python,1816
4/1/10,c#,5786
4/1/10,assembly,124
4/1/10,php,3651
4/1/10,ruby,753
4/1/10,go,10
4/1/10,java,3889
4/1/10,swift,2
4/1/10,c++,2490
4/1/10,r,160
4/1/10,perl,365
5/1/10,java,4177
5/1/10,assembly,108
5/1/10,c++,2423
5/1/10,delphi,280
5/1/10,javascript,3226
5/1/10,perl,287
5/1/10,c,1180
5/1/10,c#,5939
5/1/10,r,139
5/1/10,php,3997
5/1/10,ruby,776
5/1/10,go,17
5/1/10,swift,1
5/1/10,python,2010
6/1/10,assembly,91
6/1/10,java,4290
6/1/10,c#,6153
6/1/10,javascript,3469
6/1/10,delphi,329
6/1/10,c,1155
6/1/10,go,15
6/1/10,c++,2828
6/1/10,php,4099
6/1/10,perl,409
6/1/10,ruby,853
6/1/10,python,2209
6/1/10,swift,2
6/1/10,r,178
7/1/10,c,1288
7/1/10,c#,6687
7/1/10,php,4610
7/1/10,delphi,334
7/1/10,java,4522
7/1/10,javascript,3874
7/1/10,assembly,98
7/1/10,go,8
7/1/10,r,234
7/1/10,c++,2690
7/1/10,perl,437
7/1/10,python,2596
7/1/10,swift,1
7/1/10,ruby,911
8/1/10,javascript,4001
8/1/10,java,4712
8/1/10,c#,6965
8/1/10,go,13
8/1/10,php,5148
8/1/10,assembly,86
8/1/10,c++,2638
8/1/10,c,1371
8/1/10,ruby,995
8/1/10,perl,548
8/1/10,swift,2
8/1/10,r,283
8/1/10,python,2494
8/1/10,delphi,354
9/1/10,assembly,117
9/1/10,javascript,3999
9/1/10,java,4723
9/1/10,python,2252
9/1/10,delphi,319
9/1/10,c++,2744
9/1/10,c,1382
9/1/10,c#,6405
9/1/10,perl,460
9/1/10,php,4703
9/1/10,go,9
9/1/10,ruby,938
9/1/10,r,236
9/1/10,swift,1
10/1/10,javascript,4119
10/1/10,delphi,361
10/1/10,c,1444
10/1/10,assembly,123
10/1/10,c#,6745
10/1/10,python,2672
10/1/10,go,13
10/1/10,perl,500
10/1/10,php,4523
10/1/10,java,5033
10/1/10,c++,2934
10/1/10,r,214
10/1/10,ruby,926
10/1/10,swift,1
11/1/10,java,5603
11/1/10,assembly,164
11/1/10,c,1676
11/1/10,delphi,390
11/1/10,javascript,4545
11/1/10,perl,466
11/1/10,c++,3374
11/1/10,c#,7324
11/1/10,r,242
11/1/10,php,5125
11/1/10,ruby,929
11/1/10,go,16
11/1/10,swift,1
11/1/10,python,2611
12/1/10,c#,7117
12/1/10,c++,3139
12/1/10,python,2484
12/1/10,assembly,123
12/1/10,java,5682
12/1/10,c,1469
12/1/10,go,18
12/1/10,javascript,4948
12/1/10,delphi,321
12/1/10,ruby,1022
12/1/10,perl,501
12/1/10,swift,2
12/1/10,php,5400
12/1/10,r,223
1/1/11,c,1462
1/1/11,delphi,370
1/1/11,assembly,134
1/1/11,c#,7994
1/1/11,java,6546
1/1/11,go,15
1/1/11,perl,480
1/1/11,javascript,5428
1/1/11,r,250
1/1/11,c++,3501
1/1/11,php,6444
1/1/11,python,2907
1/1/11,swift,3
1/1/11,ruby,1204
2/1/11,javascript,5589
2/1/11,java,6876
2/1/11,c#,8233
2/1/11,go,16
2/1/11,php,6723
2/1/11,assembly,145
2/1/11,c++,3449
2/1/11,c,1641
2/1/11,ruby,1253
2/1/11,perl,483
2/1/11,swift,3
2/1/11,r,322
2/1/11,python,3017
2/1/11,delphi,360
3/1/11,php,8128
3/1/11,assembly,192
3/1/11,python,3751
3/1/11,javascript,6767
3/1/11,c#,9998
3/1/11,c,2109
3/1/11,ruby,1639
3/1/11,c++,4182
3/1/11,delphi,518
3/1/11,java,8482
3/1/11,swift,3
3/1/11,perl,604
3/1/11,go,3
3/1/11,r,422
4/1/11,java,7903
4/1/11,delphi,402
4/1/11,perl,553
4/1/11,c#,9288
4/1/11,c,2042
4/1/11,php,7675
4/1/11,assembly,158
4/1/11,c++,4171
4/1/11,javascript,6880
4/1/11,go,7
4/1/11,r,476
4/1/11,ruby,1477
4/1/11,python,3348
4/1/11,swift,3
5/1/11,c++,3889
5/1/11,assembly,158
5/1/11,c#,10038
5/1/11,java,8576
5/1/11,javascript,7311
5/1/11,delphi,477
5/1/11,go,37
5/1/11,c,1826
5/1/11,ruby,1565
5/1/11,php,8121
5/1/11,swift,1
5/1/11,perl,582
5/1/11,python,3522
5/1/11,r,427
6/1/11,python,3475
6/1/11,c#,9781
6/1/11,assembly,140
6/1/11,javascript,7693
6/1/11,c,1767
6/1/11,c++,3817
6/1/11,perl,570
6/1/11,ruby,1560
6/1/11,delphi,456
6/1/11,java,7926
6/1/11,php,8068
6/1/11,swift,3
6/1/11,go,34
6/1/11,r,444
7/1/11,c#,9620
7/1/11,javascript,8113
7/1/11,java,8172
7/1/11,go,26
7/1/11,c++,3853
7/1/11,php,8728
7/1/11,assembly,141
7/1/11,c,1660
7/1/11,ruby,1583
7/1/11,r,454
7/1/11,perl,661
7/1/11,delphi,430
7/1/11,swift,12
7/1/11,python,3667
8/1/11,assembly,159
8/1/11,go,40
8/1/11,python,3835
8/1/11,javascript,8907
8/1/11,delphi,424
8/1/11,c,1823
8/1/11,c#,10090
8/1/11,c++,3955
8/1/11,java,8703
8/1/11,php,8975
8/1/11,perl,616
8/1/11,ruby,1860
8/1/11,r,586
8/1/11,swift,8
9/1/11,c,1918
9/1/11,python,3522
9/1/11,javascript,8207
9/1/11,delphi,414
9/1/11,assembly,155
9/1/11,ruby,1552
9/1/11,java,8348
9/1/11,c#,9323
9/1/11,c++,3949
9/1/11,swift,6
9/1/11,r,612
9/1/11,php,8106
9/1/11,perl,500
9/1/11,go,26
10/1/11,java,8577
10/1/11,assembly,213
10/1/11,delphi,465
10/1/11,c++,4357
10/1/11,javascript,8045
10/1/11,perl,560
10/1/11,c#,9239
10/1/11,c,2140
10/1/11,go,40
10/1/11,php,8102
10/1/11,r,621
10/1/11,python,3631
10/1/11,ruby,1618
10/1/11,swift,6
11/1/11,assembly,211
11/1/11,javascript,8691
11/1/11,java,9665
11/1/11,c#,9926
11/1/11,delphi,507
11/1/11,c++,4490
11/1/11,c,2202
11/1/11,go,66
11/1/11,php,8721
11/1/11,ruby,1741
11/1/11,perl,610
11/1/11,swift,3
11/1/11,python,3877
11/1/11,r,607
12/1/11,java,9227
12/1/11,php,8377
12/1/11,c#,9338
12/1/11,delphi,574
12/1/11,c,2008
12/1/11,assembly,227
12/1/11,javascript,8347
12/1/11,go,52
12/1/11,r,614
12/1/11,perl,542
12/1/11,c++,4366
12/1/11,python,3627
12/1/11,swift,2
12/1/11,ruby,1690
1/1/12,java,10164
1/1/12,javascript,9616
1/1/12,c#,10477
1/1/12,go,37
1/1/12,assembly,170
1/1/12,php,9362
1/1/12,c++,4553
1/1/12,c,2234
1/1/12,perl,569
1/1/12,r,690
1/1/12,ruby,1910
1/1/12,delphi,514
1/1/12,python,4212
1/1/12,swift,6
2/1/12,assembly,233
2/1/12,javascript,10001
2/1/12,python,4498
2/1/12,java,10981
2/1/12,delphi,472
2/1/12,c++,5115
2/1/12,c#,10778
2/1/12,c,2412
2/1/12,php,9984
2/1/12,perl,615
2/1/12,ruby,2051
2/1/12,go,31
2/1/12,swift,9
2/1/12,r,813
3/1/12,delphi,499
3/1/12,c++,5246
3/1/12,java,12425
3/1/12,assembly,261
3/1/12,c#,11621
3/1/12,c,2739
3/1/12,javascript,10718
3/1/12,php,10937
3/1/12,go,47
3/1/12,perl,609
3/1/12,python,5049
3/1/12,r,889
3/1/12,ruby,2196
3/1/12,swift,4
4/1/12,delphi,482
4/1/12,java,12070
4/1/12,assembly,275
4/1/12,php,10470
4/1/12,c,2671
4/1/12,c++,5316
4/1/12,perl,602
4/1/12,c#,11152
4/1/12,python,4932
4/1/12,javascript,10702
4/1/12,r,843
4/1/12,go,69
4/1/12,ruby,1975
4/1/12,swift,5
5/1/12,assembly,227
5/1/12,c++,4992
5/1/12,c#,11605
5/1/12,java,12214
5/1/12,delphi,481
5/1/12,javascript,11540
5/1/12,go,69
5/1/12,c,2485
5/1/12,perl,649
5/1/12,ruby,1980
5/1/12,php,10982
5/1/12,r,876
5/1/12,swift,6
5/1/12,python,5111
6/1/12,java,11142
6/1/12,go,72
6/1/12,c#,11342
6/1/12,javascript,11265
6/1/12,assembly,203
6/1/12,c,2316
6/1/12,c++,4663
6/1/12,php,10630
6/1/12,python,5286
6/1/12,perl,745
6/1/12,ruby,1891
6/1/12,delphi,418
6/1/12,swift,4
6/1/12,r,974
7/1/12,delphi,442
7/1/12,assembly,201
7/1/12,c++,5289
7/1/12,c,2374
7/1/12,c#,12347
7/1/12,java,12274
7/1/12,python,5738
7/1/12,go,76
7/1/12,javascript,12323
7/1/12,perl,668
7/1/12,swift,6
7/1/12,r,1121
7/1/12,php,11797
7/1/12,ruby,2066
8/1/12,php,11943
8/1/12,assembly,189
8/1/12,c#,11973
8/1/12,go,72
8/1/12,c++,5167
8/1/12,delphi,403
8/1/12,python,5872
8/1/12,c,2322
8/1/12,javascript,12448
8/1/12,perl,769
8/1/12,ruby,2063
8/1/12,java,12275
8/1/12,swift,4
8/1/12,r,1090
9/1/12,javascript,11172
9/1/12,c,2533
9/1/12,c#,11290
9/1/12,assembly,225
9/1/12,java,11635
9/1/12,c++,4917
9/1/12,delphi,385
9/1/12,php,11030
9/1/12,go,130
9/1/12,perl,671
9/1/12,python,5260
9/1/12,r,1060
9/1/12,ruby,1960
9/1/12,swift,7
10/1/12,c#,12741
10/1/12,delphi,478
10/1/12,c++,5918
10/1/12,go,101
10/1/12,javascript,12428
10/1/12,assembly,315
10/1/12,c,3155
10/1/12,python,6138
10/1/12,java,13517
10/1/12,php,11840
10/1/12,swift,4
10/1/12,perl,693
10/1/12,r,1266
10/1/12,ruby,2262
11/1/12,java,13632
11/1/12,assembly,303
11/1/12,c++,6280
11/1/12,c#,12247
11/1/12,c,3198
11/1/12,delphi,444
11/1/12,javascript,12357
11/1/12,go,104
11/1/12,r,1346
11/1/12,perl,640
11/1/12,ruby,2134
11/1/12,php,11837
11/1/12,python,6403
11/1/12,swift,2
12/1/12,java,12451
12/1/12,delphi,429
12/1/12,assembly,264
12/1/12,c#,10966
12/1/12,c,2573
12/1/12,python,5765
12/1/12,go,113
12/1/12,c++,5692
12/1/12,javascript,11751
12/1/12,ruby,1906
12/1/12,php,11127
12/1/12,swift,3
12/1/12,perl,558
12/1/12,r,1216
1/1/13,java,13753
1/1/13,c#,12804
1/1/13,c,2913
1/1/13,c++,6055
1/1/13,assembly,297
1/1/13,delphi,484
1/1/13,go,101
1/1/13,python,6590
1/1/13,perl,668
1/1/13,javascript,13807
1/1/13,r,1511
1/1/13,swift,5
1/1/13,php,12937
1/1/13,ruby,2310
2/1/13,php,12650
2/1/13,assembly,322
2/1/13,c#,12546
2/1/13,go,117
2/1/13,c++,6081
2/1/13,delphi,449
2/1/13,python,6755
2/1/13,c,3102
2/1/13,javascript,13671
2/1/13,perl,755
2/1/13,ruby,2226
2/1/13,java,13757
2/1/13,swift,5
2/1/13,r,1664
3/1/13,delphi,523
3/1/13,assembly,365
3/1/13,go,127
3/1/13,java,15971
3/1/13,c#,14289
3/1/13,c,3453
3/1/13,ruby,2567
3/1/13,c++,7200
3/1/13,php,14242
3/1/13,perl,862
3/1/13,swift,5
3/1/13,javascript,15353
3/1/13,python,7650
3/1/13,r,1853
4/1/13,c#,13960
4/1/13,go,125
4/1/13,python,7965
4/1/13,c++,7171
4/1/13,java,16310
4/1/13,assembly,333
4/1/13,c,3549
4/1/13,perl,853
4/1/13,javascript,15415
4/1/13,delphi,517
4/1/13,ruby,2472
4/1/13,r,1843
4/1/13,swift,6
4/1/13,php,13540
5/1/13,javascript,15106
5/1/13,java,15359
5/1/13,c#,13532
5/1/13,c,3202
5/1/13,php,13224
5/1/13,assembly,301
5/1/13,c++,6864
5/1/13,go,143
5/1/13,ruby,2348
5/1/13,python,7839
5/1/13,swift,1
5/1/13,delphi,539
5/1/13,perl,920
5/1/13,r,1787
6/1/13,delphi,474
6/1/13,java,14003
6/1/13,assembly,299
6/1/13,c#,12835
6/1/13,c,2955
6/1/13,c++,6210
6/1/13,perl,851
6/1/13,python,7618
6/1/13,go,176
6/1/13,javascript,14660
6/1/13,php,12835
6/1/13,ruby,2229
6/1/13,r,1780
6/1/13,swift,3
7/1/13,c++,6593
7/1/13,assembly,299
7/1/13,go,200
7/1/13,c#,14245
7/1/13,php,14466
7/1/13,delphi,509
7/1/13,c,3028
7/1/13,python,8642
7/1/13,javascript,16893
7/1/13,perl,984
7/1/13,java,15263
7/1/13,ruby,2448
7/1/13,r,1978
7/1/13,swift,7
8/1/13,javascript,16893
8/1/13,assembly,214
8/1/13,c,3015
8/1/13,c#,13899
8/1/13,java,15122
8/1/13,php,14460
8/1/13,c++,6267
8/1/13,delphi,450
8/1/13,perl,853
8/1/13,python,7960
8/1/13,r,1926
8/1/13,go,208
8/1/13,ruby,2490
8/1/13,swift,3
9/1/13,java,16330
9/1/13,delphi,489
9/1/13,assembly,293
9/1/13,php,14384
9/1/13,c++,6581
9/1/13,c#,13809
9/1/13,c,3406
9/1/13,go,237
9/1/13,javascript,17796
9/1/13,ruby,2396
9/1/13,perl,706
9/1/13,swift,10
9/1/13,python,7989
9/1/13,r,1717
10/1/13,assembly,381
10/1/13,c++,8005
10/1/13,java,18816
10/1/13,c#,15248
10/1/13,delphi,525
10/1/13,javascript,19827
10/1/13,c,4248
10/1/13,go,212
10/1/13,perl,839
10/1/13,ruby,2792
10/1/13,r,2102
10/1/13,swift,9
10/1/13,php,15484
10/1/13,python,9522
11/1/13,java,18846
11/1/13,c#,14654
11/1/13,go,210
11/1/13,javascript,18586
11/1/13,assembly,419
11/1/13,c++,8164
11/1/13,c,4300
11/1/13,php,15047
11/1/13,python,9522
11/1/13,ruby,2579
11/1/13,perl,838
11/1/13,swift,5
11/1/13,delphi,462
11/1/13,r,2192
12/1/13,assembly,358
12/1/13,delphi,450
12/1/13,c++,7036
12/1/13,c,3509
12/1/13,java,17536
12/1/13,c#,13679
12/1/13,python,8492
12/1/13,go,240
12/1/13,perl,782
12/1/13,javascript,18109
12/1/13,swift,9
12/1/13,r,1911
12/1/13,ruby,2452
12/1/13,php,14577
1/1/14,php,16982
1/1/14,c#,15394
1/1/14,go,303
1/1/14,assembly,339
1/1/14,c++,7717
1/1/14,python,9864
1/1/14,c,3748
1/1/14,delphi,493
1/1/14,javascript,21202
1/1/14,perl,825
1/1/14,java,18767
1/1/14,ruby,2773
1/1/14,r,2357
1/1/14,swift,5
2/1/14,javascript,21267
2/1/14,assembly,375
2/1/14,c,3985
2/1/14,c#,15172
2/1/14,java,19378
2/1/14,php,16739
2/1/14,c++,7707
2/1/14,delphi,492
2/1/14,perl,816
2/1/14,python,9939
2/1/14,r,2621
2/1/14,go,205
2/1/14,ruby,2616
2/1/14,swift,12
3/1/14,assembly,455
3/1/14,c#,16265
3/1/14,python,11468
3/1/14,c++,8701
3/1/14,go,255
3/1/14,java,22109
3/1/14,delphi,441
3/1/14,c,4586
3/1/14,perl,940
3/1/14,javascript,22786
3/1/14,php,18564
3/1/14,ruby,2957
3/1/14,r,2823
3/1/14,swift,4
4/1/14,c,4030
4/1/14,perl,842
4/1/14,c#,15402
4/1/14,delphi,393
4/1/14,java,21020
4/1/14,assembly,364
4/1/14,javascript,21573
4/1/14,go,342
4/1/14,r,2744
4/1/14,php,17908
4/1/14,c++,8162
4/1/14,python,10812
4/1/14,swift,4
4/1/14,ruby,2753
5/1/14,java,18088
5/1/14,delphi,475
5/1/14,c,3284
5/1/14,python,9301
5/1/14,c++,6827
5/1/14,c#,13992
5/1/14,assembly,333
5/1/14,ruby,2684
5/1/14,javascript,19923
5/1/14,go,280
5/1/14,swift,9
5/1/14,perl,819
5/1/14,r,2595
5/1/14,php,14984
6/1/14,java,16016
6/1/14,delphi,415
6/1/14,javascript,18428
6/1/14,python,8954
6/1/14,assembly,273
6/1/14,c#,12599
6/1/14,c,2784
6/1/14,c++,5710
6/1/14,perl,702
6/1/14,php,13212
6/1/14,r,2404
6/1/14,ruby,2341
6/1/14,go,288
6/1/14,swift,2413
7/1/14,javascript,20259
7/1/14,c++,6309
7/1/14,c#,13773
7/1/14,assembly,217
7/1/14,java,17466
7/1/14,c,2848
7/1/14,delphi,446
7/1/14,php,14471
7/1/14,go,454
7/1/14,perl,756
7/1/14,python,9974
7/1/14,r,2646
7/1/14,ruby,2566
7/1/14,swift,1646
8/1/14,delphi,426
8/1/14,java,15837
8/1/14,assembly,183
8/1/14,c#,12578
8/1/14,c,2690
8/1/14,c++,5916
8/1/14,perl,701
8/1/14,go,405
8/1/14,python,9149
8/1/14,javascript,18583
8/1/14,r,2486
8/1/14,php,13372
8/1/14,swift,1703
8/1/14,ruby,2480
9/1/14,c#,12407
9/1/14,assembly,288
9/1/14,c++,6241
9/1/14,python,8807
9/1/14,java,16820
9/1/14,go,392
9/1/14,c,3247
9/1/14,delphi,447
9/1/14,javascript,18235
9/1/14,perl,698
9/1/14,ruby,2282
9/1/14,php,13521
9/1/14,swift,1907
9/1/14,r,2380
10/1/14,c#,12640
10/1/14,javascript,19017
10/1/14,java,18010
10/1/14,go,383
10/1/14,c++,6878
10/1/14,php,13782
10/1/14,assembly,391
10/1/14,c,3819
10/1/14,ruby,2346
10/1/14,perl,660
10/1/14,python,9626
10/1/14,delphi,411
10/1/14,swift,2469
10/1/14,r,2790
11/1/14,java,17956
11/1/14,delphi,430
11/1/14,assembly,389
11/1/14,c#,11944
11/1/14,c++,6596
11/1/14,python,9612
11/1/14,c,3692
11/1/14,ruby,2120
11/1/14,javascript,18069
11/1/14,perl,665
11/1/14,swift,2570
11/1/14,go,338
11/1/14,php,13185
11/1/14,r,2713
12/1/14,c++,6113
12/1/14,assembly,329
12/1/14,c#,11167
12/1/14,go,351
12/1/14,php,12513
12/1/14,delphi,317
12/1/14,python,9078
12/1/14,c,3164
12/1/14,javascript,17082
12/1/14,perl,579
12/1/14,ruby,2156
12/1/14,java,16470
12/1/14,swift,2501
12/1/14,r,2369
1/1/15,javascript,18621
1/1/15,c,3222
1/1/15,c#,11823
1/1/15,assembly,333
1/1/15,java,16639
1/1/15,c++,6172
1/1/15,delphi,383
1/1/15,php,13773
1/1/15,go,470
1/1/15,perl,606
1/1/15,python,9730
1/1/15,r,2704
1/1/15,ruby,2437
1/1/15,swift,3070
2/1/15,delphi,416
2/1/15,java,16827
2/1/15,assembly,359
2/1/15,php,13627
2/1/15,c,3380
2/1/15,c++,6495
2/1/15,perl,572
2/1/15,c#,11852
2/1/15,python,10230
2/1/15,javascript,18747
2/1/15,r,2980
2/1/15,go,384
2/1/15,ruby,2261
2/1/15,swift,3247
3/1/15,assembly,390
3/1/15,javascript,20626
3/1/15,c,3925
3/1/15,delphi,412
3/1/15,perl,664
3/1/15,c#,13322
3/1/15,java,19850
3/1/15,go,469
3/1/15,php,15062
3/1/15,python,11653
3/1/15,r,3573
3/1/15,c++,7410
3/1/15,ruby,2466
3/1/15,swift,3607
4/1/15,php,15124
4/1/15,java,19890
4/1/15,c++,7164
4/1/15,c,3966
4/1/15,javascript,20991
4/1/15,assembly,442
4/1/15,c#,13151
4/1/15,go,391
4/1/15,python,11488
4/1/15,perl,587
4/1/15,ruby,2510
4/1/15,delphi,391
4/1/15,swift,4032
4/1/15,r,3335
5/1/15,java,18605
5/1/15,delphi,400
5/1/15,c++,6843
5/1/15,javascript,22240
5/1/15,assembly,372
5/1/15,c#,13430
5/1/15,python,11251
5/1/15,c,3531
5/1/15,r,3435
5/1/15,php,14705
5/1/15,ruby,2510
5/1/15,go,396
5/1/15,perl,538
5/1/15,swift,3813
6/1/15,delphi,388
6/1/15,javascript,22694
6/1/15,perl,594
6/1/15,java,17919
6/1/15,assembly,266
6/1/15,c#,13594
6/1/15,r,3438
6/1/15,c,3175
6/1/15,python,11841
6/1/15,php,14492
6/1/15,go,423
6/1/15,c++,6534
6/1/15,ruby,2583
6/1/15,swift,4339
7/1/15,delphi,385
7/1/15,java,18761
7/1/15,go,468
7/1/15,assembly,260
7/1/15,c#,14179
7/1/15,c++,6729
7/1/15,ruby,2587
7/1/15,c,2821
7/1/15,php,15526
7/1/15,javascript,24075
7/1/15,perl,592
7/1/15,swift,5160
7/1/15,python,12364
7/1/15,r,3987
8/1/15,c#,13289
8/1/15,assembly,217
8/1/15,python,11258
8/1/15,c++,5893
8/1/15,java,17139
8/1/15,go,449
8/1/15,c,2586
8/1/15,delphi,388
8/1/15,javascript,22213
8/1/15,r,3497
8/1/15,ruby,2321
8/1/15,perl,567
8/1/15,swift,5098
8/1/15,php,14364
9/1/15,c,3091
9/1/15,delphi,359
9/1/15,perl,486
9/1/15,javascript,21486
9/1/15,java,17003
9/1/15,go,426
9/1/15,assembly,257
9/1/15,c#,12958
9/1/15,r,3338
9/1/15,python,10999
9/1/15,php,13623
9/1/15,c++,5928
9/1/15,ruby,2167
9/1/15,swift,4566
10/1/15,delphi,422
10/1/15,java,18603
10/1/15,c,3689
10/1/15,c#,12842
10/1/15,assembly,432
10/1/15,c++,7066
10/1/15,go,429
10/1/15,python,12529
10/1/15,perl,517
10/1/15,javascript,21891
10/1/15,r,3690
10/1/15,ruby,2197
10/1/15,php,14021
10/1/15,swift,4316
11/1/15,java,17836
11/1/15,javascript,21335
11/1/15,python,12339
11/1/15,delphi,392
11/1/15,assembly,404
11/1/15,c,3625
11/1/15,c++,7107
11/1/15,c#,12430
11/1/15,perl,476
11/1/15,php,13431
11/1/15,ruby,1962
11/1/15,go,435
11/1/15,r,3547
11/1/15,swift,4331
12/1/15,java,16610
12/1/15,c#,12199
12/1/15,c++,6579
12/1/15,assembly,352
12/1/15,javascript,21156
12/1/15,delphi,314
12/1/15,c,3096
12/1/15,php,13878
12/1/15,perl,489
12/1/15,go,426
12/1/15,r,3184
12/1/15,python,11686
12/1/15,ruby,2031
12/1/15,swift,4391
1/1/16,assembly,248
1/1/16,delphi,318
1/1/16,java,16691
1/1/16,c#,12408
1/1/16,c,3056
1/1/16,go,496
1/1/16,c++,6118
1/1/16,php,14684
1/1/16,perl,464
1/1/16,ruby,2150
1/1/16,javascript,22578
1/1/16,python,12385
1/1/16,swift,4805
1/1/16,r,3542
2/1/16,c#,12788
2/1/16,assembly,349
2/1/16,python,13292
2/1/16,c++,6577
2/1/16,java,17900
2/1/16,go,542
2/1/16,c,3288
2/1/16,delphi,358
2/1/16,javascript,22539
2/1/16,perl,516
2/1/16,ruby,2250
2/1/16,php,15030
2/1/16,swift,4763
2/1/16,r,3607
3/1/16,delphi,340
3/1/16,java,19972
3/1/16,go,595
3/1/16,c#,13673
3/1/16,assembly,437
3/1/16,c,3464
3/1/16,r,4053
3/1/16,python,14118
3/1/16,perl,483
3/1/16,javascript,24158
3/1/16,php,15251
3/1/16,c++,7054
3/1/16,ruby,2266
3/1/16,swift,5091
4/1/16,assembly,412
4/1/16,c#,13771
4/1/16,python,13706
4/1/16,c,3365
4/1/16,java,19551
4/1/16,delphi,323
4/1/16,c++,6917
4/1/16,go,603
4/1/16,perl,507
4/1/16,javascript,23509
4/1/16,ruby,2215
4/1/16,php,14571
4/1/16,r,4136
4/1/16,swift,4770
5/1/16,javascript,23068
5/1/16,c#,13553
5/1/16,c,2730
5/1/16,python,13162
5/1/16,assembly,323
5/1/16,delphi,338
5/1/16,java,17104
5/1/16,ruby,2132
5/1/16,c++,6156
5/1/16,php,14551
5/1/16,r,3804
5/1/16,go,581
5/1/16,perl,501
5/1/16,swift,4442
6/1/16,java,15962
6/1/16,delphi,281
6/1/16,r,3869
6/1/16,php,13748
6/1/16,c,2312
6/1/16,c#,13122
6/1/16,assembly,288
6/1/16,c++,5737
6/1/16,javascript,22209
6/1/16,go,550
6/1/16,perl,453
6/1/16,ruby,2113
6/1/16,python,12953
6/1/16,swift,4817
7/1/16,c++,5490
7/1/16,assembly,200
7/1/16,c#,12061
7/1/16,java,14991
7/1/16,javascript,22245
7/1/16,delphi,243
7/1/16,go,538
7/1/16,c,2355
7/1/16,ruby,1906
7/1/16,php,13005
7/1/16,swift,4954
7/1/16,perl,440
7/1/16,python,12863
7/1/16,r,3754
8/1/16,python,12944
8/1/16,java,15226
8/1/16,assembly,257
8/1/16,javascript,22724
8/1/16,c,2222
8/1/16,c#,12772
8/1/16,perl,475
8/1/16,ruby,1884
8/1/16,delphi,338
8/1/16,c++,5027
8/1/16,php,12955
8/1/16,swift,4923
8/1/16,go,576
8/1/16,r,3791
9/1/16,delphi,288
9/1/16,java,14726
9/1/16,assembly,335
9/1/16,c#,11160
9/1/16,go,514
9/1/16,c,2519
9/1/16,php,12220
9/1/16,python,12380
9/1/16,perl,475
9/1/16,javascript,20490
9/1/16,r,3303
9/1/16,c++,5160
9/1/16,ruby,1929
9/1/16,swift,4883
10/1/16,php,12352
10/1/16,assembly,397
10/1/16,go,533
10/1/16,c#,11497
10/1/16,c++,5995
10/1/16,delphi,268
10/1/16,c,3222
10/1/16,python,13543
10/1/16,javascript,20491
10/1/16,java,15388
10/1/16,ruby,1823
10/1/16,perl,419
10/1/16,swift,4738
10/1/16,r,3791
11/1/16,c,3276
11/1/16,c#,11697
11/1/16,javascript,20563
11/1/16,python,14228
11/1/16,assembly,414
11/1/16,delphi,273
11/1/16,java,15695
11/1/16,ruby,1763
11/1/16,c++,6109
11/1/16,php,12028
11/1/16,r,3566
11/1/16,go,478
11/1/16,perl,387
11/1/16,swift,4372
12/1/16,assembly,314
12/1/16,java,13887
12/1/16,r,3153
12/1/16,delphi,253
12/1/16,perl,352
12/1/16,javascript,19848
12/1/16,c,2803
12/1/16,c#,10739
12/1/16,php,11532
12/1/16,go,498
12/1/16,ruby,1629
12/1/16,python,13082
12/1/16,c++,5254
12/1/16,swift,3946
1/1/17,assembly,307
1/1/17,c++,5670
1/1/17,java,14621
1/1/17,c#,11753
1/1/17,delphi,285
1/1/17,javascript,21457
1/1/17,c,2767
1/1/17,go,562
1/1/17,php,12688
1/1/17,ruby,1825
1/1/17,perl,346
1/1/17,swift,4350
1/1/17,python,14316
1/1/17,r,3500
2/1/17,python,14813
2/1/17,java,14613
2/1/17,assembly,302
2/1/17,javascript,21228
2/1/17,c,2734
2/1/17,c#,11549
2/1/17,perl,419
2/1/17,ruby,1633
2/1/17,delphi,304
2/1/17,c++,5197
2/1/17,php,12593
2/1/17,swift,4075
2/1/17,go,556
2/1/17,r,3685
3/1/17,delphi,305
3/1/17,assembly,373
3/1/17,c++,6244
3/1/17,c,2980
3/1/17,c#,13047
3/1/17,java,17366
3/1/17,python,17167
3/1/17,perl,428
3/1/17,javascript,23758
3/1/17,r,4608
3/1/17,ruby,1791
3/1/17,go,657
3/1/17,swift,4629
3/1/17,php,14159
4/1/17,c#,11138
4/1/17,c,2866
4/1/17,c++,5899
4/1/17,python,15686
4/1/17,javascript,21289
4/1/17,go,510
4/1/17,php,12502
4/1/17,assembly,320
4/1/17,ruby,1491
4/1/17,java,15987
4/1/17,swift,3931
4/1/17,delphi,263
4/1/17,r,4267
4/1/17,perl,376
5/1/17,delphi,319
5/1/17,java,16395
5/1/17,r,4331
5/1/17,php,13115
5/1/17,assembly,349
5/1/17,c,2749
5/1/17,perl,363
5/1/17,c#,12046
5/1/17,python,16214
5/1/17,javascript,22435
5/1/17,c++,5316
5/1/17,go,590
5/1/17,ruby,1521
5/1/17,swift,4113
6/1/17,javascript,21635
6/1/17,perl,332
6/1/17,c,2367
6/1/17,go,576
6/1/17,c#,11350
6/1/17,assembly,242
6/1/17,c++,4702
6/1/17,python,16074
6/1/17,java,14658
6/1/17,r,4460
6/1/17,ruby,1419
6/1/17,delphi,246
6/1/17,swift,4205
6/1/17,php,11845
7/1/17,c#,11254
7/1/17,javascript,21664
7/1/17,python,16961
7/1/17,c,2058
7/1/17,java,14191
7/1/17,php,11859
7/1/17,c++,5041
7/1/17,assembly,222
7/1/17,swift,4357
7/1/17,ruby,1524
7/1/17,delphi,207
7/1/17,perl,341
7/1/17,go,658
7/1/17,r,4591
8/1/17,java,13784
8/1/17,delphi,288
8/1/17,assembly,217
8/1/17,c#,11014
8/1/17,c,2055
8/1/17,python,16512
8/1/17,go,615
8/1/17,c++,4809
8/1/17,javascript,21409
8/1/17,ruby,1395
8/1/17,perl,368
8/1/17,swift,4199
8/1/17,r,4582
8/1/17,php,11727
9/1/17,assembly,228
9/1/17,c#,9933
9/1/17,c,2108
9/1/17,python,15485
9/1/17,java,12800
9/1/17,delphi,263
9/1/17,go,544
9/1/17,c++,4487
9/1/17,perl,318
9/1/17,javascript,19041
9/1/17,r,4235
9/1/17,ruby,1224
9/1/17,php,10761
9/1/17,swift,3789
10/1/17,javascript,19923
10/1/17,c,2797
10/1/17,c#,10280
10/1/17,php,10895
10/1/17,delphi,222
10/1/17,assembly,334
10/1/17,go,619
10/1/17,python,17002
10/1/17,java,14051
10/1/17,ruby,1299
10/1/17,c++,5238
10/1/17,r,4552
10/1/17,perl,343
10/1/17,swift,3913
11/1/17,delphi,199
11/1/17,java,14242
11/1/17,r,4531
11/1/17,php,10668
11/1/17,assembly,387
11/1/17,c,2965
11/1/17,perl,280
11/1/17,c#,9855
11/1/17,python,17038
11/1/17,javascript,19457
11/1/17,c++,5053
11/1/17,go,655
11/1/17,ruby,1178
11/1/17,swift,3681
12/1/17,assembly,248
12/1/17,c++,4472
12/1/17,c#,8658
12/1/17,java,12023
12/1/17,delphi,188
12/1/17,javascript,17022
12/1/17,go,530
12/1/17,c,2203
12/1/17,php,9215
12/1/17,ruby,1023
12/1/17,perl,248
12/1/17,swift,3218
12/1/17,python,15004
12/1/17,r,3723
1/1/18,python,16302
1/1/18,assembly,255
1/1/18,java,12391
1/1/18,javascript,18986
1/1/18,c#,9455
1/1/18,c,2231
1/1/18,c++,4776
1/1/18,ruby,1165
1/1/18,swift,3763
1/1/18,perl,253
1/1/18,delphi,194
1/1/18,php,10209
1/1/18,go,545
1/1/18,r,4209
2/1/18,java,12084
2/1/18,delphi,212
2/1/18,assembly,282
2/1/18,c#,8633
2/1/18,c,2154
2/1/18,python,16389
2/1/18,go,584
2/1/18,c++,4591
2/1/18,javascript,17271
2/1/18,ruby,1032
2/1/18,perl,244
2/1/18,swift,3420
2/1/18,r,4517
2/1/18,php,9217
3/1/18,assembly,318
3/1/18,javascript,19204
3/1/18,c#,9855
3/1/18,c,2483
3/1/18,python,17965
3/1/18,c++,5213
3/1/18,delphi,216
3/1/18,go,613
3/1/18,perl,302
3/1/18,ruby,1064
3/1/18,java,13617
3/1/18,php,9930
3/1/18,r,5110
3/1/18,swift,4077
4/1/18,java,13549
4/1/18,assembly,321
4/1/18,c,2206
4/1/18,c#,9293
4/1/18,javascript,18002
4/1/18,php,9011
4/1/18,c++,4686
4/1/18,delphi,204
4/1/18,perl,267
4/1/18,python,17028
4/1/18,r,4746
4/1/18,go,625
4/1/18,ruby,989
4/1/18,swift,3588
5/1/18,assembly,298
5/1/18,c#,9997
5/1/18,c++,4706
5/1/18,python,17628
5/1/18,go,635
5/1/18,javascript,18117
5/1/18,c,2381
5/1/18,java,13518
5/1/18,delphi,193
5/1/18,ruby,1036
5/1/18,perl,257
5/1/18,swift,3633
5/1/18,php,9547
5/1/18,r,4734
6/1/18,c,1849
6/1/18,c#,8840
6/1/18,assembly,208
6/1/18,c++,4122
6/1/18,java,11846
6/1/18,delphi,187
6/1/18,perl,254
6/1/18,javascript,17232
6/1/18,r,4506
6/1/18,go,678
6/1/18,php,8512
6/1/18,python,16857
6/1/18,ruby,999
6/1/18,swift,3161
7/1/18,delphi,206
7/1/18,java,11823
7/1/18,assembly,182
7/1/18,c#,9459
7/1/18,go,696
7/1/18,c,1612
7/1/18,perl,262
7/1/18,python,17981
7/1/18,r,4416
7/1/18,javascript,17862
7/1/18,php,8637
7/1/18,c++,3931
7/1/18,ruby,943
7/1/18,swift,3684
8/1/18,assembly,182
8/1/18,c#,9577
8/1/18,python,17870
8/1/18,c,1702
8/1/18,java,11420
8/1/18,delphi,206
8/1/18,c++,3946
8/1/18,go,711
8/1/18,perl,239
8/1/18,javascript,17975
8/1/18,ruby,883
8/1/18,php,8600
8/1/18,r,4139
8/1/18,swift,3598
9/1/18,c#,8437
9/1/18,c++,3785
9/1/18,python,16154
9/1/18,c,1867
9/1/18,assembly,262
9/1/18,javascript,16096
9/1/18,delphi,185
9/1/18,go,679
9/1/18,perl,218
9/1/18,php,7786
9/1/18,java,10884
9/1/18,ruby,783
9/1/18,r,3809
9/1/18,swift,3158
10/1/18,delphi,226
10/1/18,java,12668
10/1/18,php,8335
10/1/18,r,4392
10/1/18,c#,9423
10/1/18,c,2492
10/1/18,c++,4365
10/1/18,assembly,330
10/1/18,go,798
10/1/18,javascript,17554
10/1/18,ruby,905
10/1/18,perl,299
10/1/18,swift,3301
10/1/18,python,18328
11/1/18,javascript,16329
11/1/18,go,721
11/1/18,python,18209
11/1/18,c,2571
11/1/18,c#,8577
11/1/18,assembly,312
11/1/18,java,11886
11/1/18,c++,4420
11/1/18,perl,245
11/1/18,ruby,835
11/1/18,delphi,181
11/1/18,swift,3002
11/1/18,r,4276
11/1/18,php,7256
12/1/18,javascript,14425
12/1/18,java,10614
12/1/18,c#,7650
12/1/18,c,2246
12/1/18,php,6364
12/1/18,python,15918
12/1/18,c++,3620
12/1/18,assembly,236
12/1/18,ruby,811
12/1/18,delphi,176
12/1/18,swift,2802
12/1/18,perl,232
12/1/18,go,661
12/1/18,r,3443
1/1/19,delphi,220
1/1/19,java,11196
1/1/19,assembly,229
1/1/19,c#,8887
1/1/19,go,666
1/1/19,c,2330
1/1/19,perl,274
1/1/19,python,17163
1/1/19,r,3994
1/1/19,javascript,16170
1/1/19,php,7328
1/1/19,c++,3955
1/1/19,ruby,920
1/1/19,swift,2937
2/1/19,assembly,232
2/1/19,c#,8468
2/1/19,python,17746
2/1/19,c,2092
2/1/19,java,11164
2/1/19,delphi,190
2/1/19,c++,3799
2/1/19,go,636
2/1/19,perl,263
2/1/19,javascript,15862
2/1/19,ruby,787
2/1/19,php,7469
2/1/19,r,4300
2/1/19,swift,2708
3/1/19,java,12254
3/1/19,c++,4507
3/1/19,delphi,189
3/1/19,assembly,284
3/1/19,javascript,17514
3/1/19,c,2425
3/1/19,c#,9082
3/1/19,php,7964
3/1/19,go,729
3/1/19,perl,243
3/1/19,python,20136
3/1/19,r,4550
3/1/19,ruby,851
3/1/19,swift,2979
4/1/19,delphi,206
4/1/19,javascript,16348
4/1/19,assembly,318
4/1/19,c#,9251
4/1/19,php,7393
4/1/19,c++,4470
4/1/19,c,2478
4/1/19,go,655
4/1/19,java,11352
4/1/19,swift,3122
4/1/19,python,20045
4/1/19,ruby,767
4/1/19,perl,219
4/1/19,r,4659
5/1/19,c#,9161
5/1/19,assembly,253
5/1/19,c,2156
5/1/19,delphi,170
5/1/19,javascript,16310
5/1/19,perl,238
5/1/19,java,11297
5/1/19,go,684
5/1/19,c++,4196
5/1/19,php,7169
5/1/19,r,4357
5/1/19,python,19122
5/1/19,swift,3142
5/1/19,ruby,759
6/1/19,java,9787
6/1/19,javascript,15016
6/1/19,c#,7740
6/1/19,go,536
6/1/19,assembly,205
6/1/19,php,6175
6/1/19,c++,3721
6/1/19,c,1780
6/1/19,python,17507
6/1/19,perl,251
6/1/19,ruby,707
6/1/19,delphi,131
6/1/19,swift,3122
6/1/19,r,4004
7/1/19,delphi,164
7/1/19,assembly,195
7/1/19,c++,4331
7/1/19,c,1792
7/1/19,c#,8588
7/1/19,java,11024
7/1/19,python,20030
7/1/19,perl,249
7/1/19,javascript,16403
7/1/19,r,4265
7/1/19,ruby,763
7/1/19,go,641
7/1/19,swift,3086
7/1/19,php,6853
8/1/19,c#,8027
8/1/19,c,1602
8/1/19,c++,3401
8/1/19,python,18805
8/1/19,delphi,172
8/1/19,go,649
8/1/19,javascript,15945
8/1/19,assembly,177
8/1/19,php,6147
8/1/19,java,9646
8/1/19,ruby,792
8/1/19,perl,205
8/1/19,swift,2656
8/1/19,r,4115
9/1/19,java,11332
9/1/19,c,2141
9/1/19,c#,8799
9/1/19,assembly,241
9/1/19,javascript,16846
9/1/19,c++,4129
9/1/19,delphi,164
9/1/19,php,6454
9/1/19,go,671
9/1/19,perl,213
9/1/19,python,19201
9/1/19,r,4471
9/1/19,ruby,791
9/1/19,swift,2880
10/1/19,c#,9463
10/1/19,assembly,349
10/1/19,c++,5295
10/1/19,python,23398
10/1/19,javascript,18386
10/1/19,go,679
10/1/19,c,2656
10/1/19,delphi,162
10/1/19,java,13156
10/1/19,perl,216
10/1/19,ruby,913
10/1/19,php,7057
10/1/19,swift,3450
10/1/19,r,5135
11/1/19,assembly,323
11/1/19,c,2703
11/1/19,c#,9103
11/1/19,c++,5166
11/1/19,perl,235
11/1/19,java,12165
11/1/19,delphi,180
11/1/19,javascript,18187
11/1/19,php,7047
11/1/19,r,4876
11/1/19,go,659
11/1/19,python,23590
11/1/19,ruby,726
11/1/19,swift,3265
12/1/19,assembly,267
12/1/19,delphi,143
12/1/19,java,10602
12/1/19,c#,7978
12/1/19,go,663
12/1/19,python,20526
12/1/19,c,2290
12/1/19,c++,4595
12/1/19,perl,168
12/1/19,ruby,738
12/1/19,javascript,16433
12/1/19,swift,3010
12/1/19,r,4238
12/1/19,php,6069
1/1/20,assembly,239
1/1/20,c#,8665
1/1/20,c,2177
1/1/20,python,22699
1/1/20,java,11522
1/1/20,delphi,178
1/1/20,perl,174
1/1/20,c++,4521
1/1/20,r,4614
1/1/20,go,686
1/1/20,ruby,817
1/1/20,javascript,18076
1/1/20,swift,3166
1/1/20,php,6699
2/1/20,c#,8679
2/1/20,c,2090
2/1/20,c++,4423
2/1/20,python,22938
2/1/20,delphi,168
2/1/20,go,716
2/1/20,javascript,17947
2/1/20,assembly,281
2/1/20,php,6543
2/1/20,java,11602
2/1/20,ruby,706
2/1/20,perl,197
2/1/20,swift,3103
2/1/20,r,5192
3/1/20,java,13253
3/1/20,go,719
3/1/20,c,2670
3/1/20,delphi,181
3/1/20,c#,8954
3/1/20,python,26673
3/1/20,c++,5107
3/1/20,assembly,317
3/1/20,javascript,20483
3/1/20,perl,215
3/1/20,r,5761
3/1/20,php,6672
3/1/20,swift,3434
3/1/20,ruby,780
4/1/20,java,15377
4/1/20,assembly,406
4/1/20,c++,6820
4/1/20,c#,10042
4/1/20,c,3472
4/1/20,delphi,250
4/1/20,javascript,24634
4/1/20,go,887
4/1/20,perl,240
4/1/20,php,8060
4/1/20,ruby,860
4/1/20,python,32605
4/1/20,swift,4015
4/1/20,r,7047
5/1/20,java,14711
5/1/20,c#,9923
5/1/20,assembly,386
5/1/20,delphi,221
5/1/20,c,3602
5/1/20,javascript,25196
5/1/20,go,826
5/1/20,c++,7063
5/1/20,php,7917
5/1/20,python,34478
5/1/20,perl,228
5/1/20,ruby,774
5/1/20,r,6833
5/1/20,swift,4066
6/1/20,delphi,214
6/1/20,java,13015
6/1/20,c++,6161
6/1/20,c,2757
6/1/20,php,7188
6/1/20,assembly,363
6/1/20,c#,9064
6/1/20,go,765
6/1/20,javascript,23360
6/1/20,perl,203
6/1/20,python,31817
6/1/20,r,6249
6/1/20,ruby,670
6/1/20,swift,3733
7/1/20,delphi,212
7/1/20,java,12723
7/1/20,javascript,23802
7/1/20,c++,5756
7/1/20,c#,9145
7/1/20,assembly,298
7/1/20,c,2294
7/1/20,python,31261
7/1/20,php,7334
7/1/20,r,5694
7/1/20,go,743
7/1/20,ruby,775
7/1/20,perl,182
7/1/20,swift,3607